<?xml version='1.0' encoding='utf-8'?>
<Environment xmlns:xsi="http://www.w3.org/2001/XMLSchema-instance" xmlns:xsd="http://www.w3.org/2001/XMLSchema" name="ComplexEnvironment" type="simulation"><Agents><Agent id="1" type="Bird"><Attribute><Name value="X" /><DataType value="int" /><Value value="45" /><Mutable value="true" /><Constraint Min="0" Max="113" /></Attribute><Attribute><Name value="Y" /><DataType value="int" /><Value value="208" /><Mutable value="true" /><Constraint Min="0" Max="400" /></Attribute></Agent></Agents><Objects><Object id="1" type="Pipe"><Attribute><Name value="pipe_gap" /><DataType value="int" /><Value value="203" /><Mutable value="true" /><Constraint Min="20" Max="256" /></Attribute></Object></Objects><Attribute><Name value="Timestep_Count" /><DataType value="int" /><Value value="0" /><Mutable value="true" /><Constraint Min="50" Max="10000" /></Attribute></Environment>